<!DOCTYPE ui:UiBinder SYSTEM "http://dl.google.com/gwt/DTD/xhtml.ent">
<ui:UiBinder xmlns:ui="urn:ui:com.google.gwt.uibinder"
	xmlns:g="urn:import:com.google.gwt.user.client.ui">
	<ui:style>
		
	</ui:style>
	<g:HTMLPanel>
		<div class="modal-header">
			<g:Button ui:field="closeButton" addStyleNames="close">×</g:Button>
			<h2 ui:field="header" />
		</div>
		
		<g:HTMLPanel ui:field="body" addStyleNames="modal-body"/>
		
		<g:HTMLPanel ui:field="footer" addStyleNames="modal-footer">
			<g:Button ui:field="okButton" addStyleNames="btn btn-primary">
				<i class="icon-ok icon-white"/>
				Ok
			</g:Button>
			<g:Button ui:field="cancelButton" addStyleNames="btn">
				<i class="icon-ban-circle"/>
				Cancel
			</g:Button>
		</g:HTMLPanel>
	</g:HTMLPanel>
</ui:UiBinder> 