<?xml version="1.0"?>
<!DOCTYPE Configure PUBLIC "-//Mort Bay Consulting//DTD Configure//EN" "http://jetty.mortbay.org/configure.dtd">
<Configure id="Server" class="org.eclipse.jetty.server.Server">
	<Set name="ThreadPool">
		<New class="org.eclipse.jetty.util.thread.QueuedThreadPool">
			<Set name="minThreads">
				<SystemProperty name="jetty.minThreads" default="10" />
			</Set>
			<Set name="maxThreads">
				<SystemProperty name="jetty.maxThreads" default="250" />
			</Set>
		</New>
	</Set>
	<Call name="addConnector">
		<Arg>
			<New class="org.eclipse.jetty.server.nio.InheritedChannelConnector">
				<Set name="host">
					<SystemProperty name="jetty.host" default="localhost" />
				</Set>
				<Set name="port">
					<SystemProperty name="jetty.port" default="8080" />
				</Set>
				<Set name="maxIdleTime">
					<SystemProperty name="jetty.maxIdleTime" default="30000" />
				</Set>
				<Set name="Acceptors">2</Set>
				<Set name="statsOn">false</Set>
				<Set name="confidentialPort">8442</Set>
				<Set name="lowResourcesConnections">5000</Set>
				<Set name="lowResourcesMaxIdleTime">5000</Set>
			</New>
		</Arg>
	</Call>
	<Set name="handler">
		<New id="Handlers" class="org.eclipse.jetty.server.handler.HandlerCollection">
			<Set name="handlers">
				<Array type="org.eclipse.jetty.server.Handler">
					<Item>
						<New id="Contexts" class="org.eclipse.jetty.server.handler.ContextHandlerCollection" />
					</Item>
					<Item>
						<New id="DefaultHandler" class="org.eclipse.jetty.server.handler.DefaultHandler" />
					</Item>
				</Array>
			</Set>
		</New>
	</Set>

	<Call name="addLifeCycle">
		<Arg>
			<New class="org.eclipse.jetty.deploy.ContextDeployer">
				<Set name="contexts">
					<Ref id="Contexts" />
				</Set>
				<Set name="configurationDir">
					<SystemProperty name="jetty.home" default="." />/contexts
				</Set>
				<Set name="scanInterval">1</Set>
			</New>
		</Arg>
	</Call>
	<Call name="addLifeCycle">
		<Arg>
			<New class="org.eclipse.jetty.deploy.WebAppDeployer">
				<Set name="contexts">
					<Ref id="Contexts" />
				</Set>
				<Set name="webAppDir">
					<SystemProperty name="jetty.home" default="." />/webapps
				</Set>
				<Set name="parentLoaderPriority">false</Set>
				<Set name="extract">true</Set>
				<Set name="allowDuplicates">false</Set>
			</New>
		</Arg>
	</Call>

	<Set name="stopAtShutdown">true</Set>
	<Set name="sendServerVersion">true</Set>
	<Set name="sendDateHeader">true</Set>
	<Set name="gracefulShutdown">1000</Set>
</Configure>