<?xml version="1.0" encoding="UTF-8"?>
<beans xmlns="http://www.springframework.org/schema/beans"
	xmlns:context="http://www.springframework.org/schema/context"
	xmlns:xsi="http://www.w3.org/2001/XMLSchema-instance" xmlns:mongo="http://www.springframework.org/schema/data/mongo"
	xmlns:cloud="http://schema.cloudfoundry.org/spring" xmlns:task="http://www.springframework.org/schema/task"
	xsi:schemaLocation="http://www.springframework.org/schema/beans http://www.springframework.org/schema/beans/spring-beans-3.1.xsd
		http://www.springframework.org/schema/beans http://www.springframework.org/schema/beans/spring-beans-3.1.xsd
		http://schema.cloudfoundry.org/spring http://schema.cloudfoundry.org/spring/cloudfoundry-spring-0.7.xsd
		http://www.springframework.org/schema/context http://www.springframework.org/schema/context/spring-context-3.1.xsd
		http://www.springframework.org/schema/task http://www.springframework.org/schema/task/spring-task-3.1.xsd
		http://www.springframework.org/schema/data/mongo http://www.springframework.org/schema/data/mongo/spring-mongo-1.0.xsd">

	<context:annotation-config />
	
	<context:component-scan base-package="com.pmerienne.eventmonitoring.server.service" />
	<context:component-scan base-package="com.pmerienne.eventmonitoring.server.repository" />
	<context:component-scan base-package="com.pmerienne.eventmonitoring.shared.parser" />

	<task:annotation-driven executor="executor" scheduler="scheduler"/>
	<task:executor id="executor" rejection-policy="CALLER_RUNS" />
	<task:scheduler id="scheduler" pool-size="10" />

	<!-- Mongo repositories -->
	<mongo:repositories base-package="com.pmerienne.eventmonitoring.server.repository" mongo-template-ref="mongoTemplate" />

	<!-- Mongodb configuration -->
	<bean id="mongoTemplate" class="org.springframework.data.mongodb.core.MongoTemplate">
		<constructor-arg ref="mongoDbFactory" />
	</bean>

	<beans profile="default">
		<!-- Put the mongodb.properties file in the classpath -->
		<context:property-placeholder location="classpath*:mongodb.properties" />
		<mongo:db-factory id="mongoDbFactory" dbname="${db.name}" host="${db.host}" port="${db.port}" username="${db.username}" password="${db.password}" />
	</beans>

	<beans profile="cloud">
		<cloud:mongo-db-factory id="mongoDbFactory" />
	</beans>
</beans>