<?xml version="1.0" encoding="UTF-8" ?>
<!DOCTYPE log4j:configuration SYSTEM "log4j.dtd">
<log4j:configuration xmlns:log4j="http://jakarta.apache.org/log4j/"
	debug="false">
	<appender name="CONSOLE" class="org.apache.log4j.ConsoleAppender">
		<param name="Target" value="System.out" />
		<layout class="org.apache.log4j.PatternLayout">
			<param name="ConversionPattern" value="%-5p %d{DATE} [%c{1}] : %m%n" />
		</layout>
	</appender>

	<appender name="ROLL" class="org.apache.log4j.DailyRollingFileAppender">
		<param name="datePattern" value="'.'yyyy-MM-dd" />
		<param name="File" value="${catalina.base}/logs/event-monitoring.logs" />
		<layout class="org.apache.log4j.PatternLayout">
			<param name="ConversionPattern" value="%-5p %d{DATE} [%c{1}] : %m%n" />
		</layout>
	</appender>

	<root>
		<level value="INFO" />
		<appender-ref ref="ROLL" />
		<appender-ref ref="CONSOLE" />
	</root>

</log4j:configuration>