<!DOCTYPE ui:UiBinder SYSTEM "http://dl.google.com/gwt/DTD/xhtml.ent">
<ui:UiBinder xmlns:ui="urn:ui:com.google.gwt.uibinder"
	xmlns:g="urn:import:com.google.gwt.user.client.ui">
	<ui:style>
		.footer  {
			margin-top: 45px;
			padding: 35px 0 36px;
			border-top: 1px solid #E5E5E5;	
		}
	</ui:style>
	<g:HTMLPanel>
		<footer class="{style.footer}">
			<p class="pull-right">
				Event monitoring build on top of <a href="http://www.mongodb.org/" target="_new">MongoDb</a>
			</p>
			<p>Copyright 2012. Cellfish.</p>
		</footer>
	</g:HTMLPanel>
</ui:UiBinder> 