<!DOCTYPE ui:UiBinder SYSTEM "http://dl.google.com/gwt/DTD/xhtml.ent">
<ui:UiBinder xmlns:ui="urn:ui:com.google.gwt.uibinder"
	xmlns:g="urn:import:com.google.gwt.user.client.ui" xmlns:e="urn:import:com.pmerienne.eventmonitoring.client.widget.editor">
	<ui:style>
		.header {
			height: 25px;
		}
	</ui:style>
	<g:HTMLPanel>
		<div class="{style.header}">
			<g:Button ui:field="removeButton" addStyleNames="pull-right btn">
				<i class="icon-minus"/>
				Remove
			</g:Button>
			<h3 ui:field="columnTitle">New column</h3>
		</div>
		<form class="form-horizontal">
			<fieldset>
				<g:HorizontalPanel>
					<g:HTMLPanel>
						<e:TextInput ui:field="labelInput" required="true" label="Label"/>
						<e:TextInput ui:field="widthInput" required="true" label="Width"/>
					</g:HTMLPanel>

					<g:HTMLPanel>
						<e:TextInput ui:field="targetInput" required="true" label="Target"/>
						<e:BooleanInput ui:field="sortableInput" label="Sortable" />
					</g:HTMLPanel>
				</g:HorizontalPanel>
			</fieldset>
		</form>
		<hr />
	</g:HTMLPanel>
</ui:UiBinder> 