<!DOCTYPE ui:UiBinder SYSTEM "http://dl.google.com/gwt/DTD/xhtml.ent">
<ui:UiBinder xmlns:ui="urn:ui:com.google.gwt.uibinder"
	xmlns:g="urn:import:com.google.gwt.user.client.ui" xmlns:e="urn:import:com.pmerienne.eventmonitoring.client.widget.editor">
	<ui:style>
		
	</ui:style>
	<g:HTMLPanel>
		<g:HorizontalPanel>
			<g:HTMLPanel>
				<e:TextInput ui:field="keyInput" required="true" label="Key"/>
				<e:BooleanInput ui:field="ascendingInput" label="Ascending"/>
			</g:HTMLPanel>
			
			<g:Button ui:field="removeButton" addStyleNames="close">×</g:Button>
		</g:HorizontalPanel>
	</g:HTMLPanel>
</ui:UiBinder> 