<!DOCTYPE ui:UiBinder SYSTEM "http://dl.google.com/gwt/DTD/xhtml.ent">
<ui:UiBinder xmlns:ui="urn:ui:com.google.gwt.uibinder"
	xmlns:g="urn:import:com.google.gwt.user.client.ui" xmlns:c="urn:import:com.google.gwt.user.cellview.client">
	<ui:style>
		.title {
			font-family: "Lucida Grande", "Lucida Sans Unicode", Verdana, Arial, Helvetica, sans-serif;
			font-size: 16px;
			text-align: left;
			line-height: normal;
			color: #3E576F;
			text-align: center;
		}
		
		.mainDiv {
			text-align: center;
			overflow: hidden;	
		}
	</ui:style>
	
	<ui:with type="com.pmerienne.eventmonitoring.client.resource.ApplicationBundle" field="res" />
	
	<g:HTMLPanel addStyleNames="{style.mainDiv}">
		<h1 ui:field="tableName" class="{style.title}" />
		
		<g:HTMLPanel ui:field="container" />

		<c:SimplePager ui:field="pager" location="CENTER" visible="false" />

		<g:Button ui:field="refreshButton" addStyleNames="btn" >
			<i class="icon-refresh"/>
			Refresh
		</g:Button>

		<g:Image ui:field="loadingImage" resource="{res.spinner}" visible="false" />
	</g:HTMLPanel>
</ui:UiBinder> 